name,salary_from,area_name,published_at
Ведущий разработчик - программист,36010,Москва,2005
Менеджер по работе с клиентами,142515,Москва,2005
Руководитель проекта,83317,Москва,2005
Менеджер по работе со стратегическими клиентами,69251,Москва,2005
Пресейл-инженер  по решениям построения центров обработки данных,55401,Москва,2005
Менеджер по поддержке и сопровождению программного обеспечения,16620,Москва,2005
Начальник контрактного отдела,27700,Москва,2005
Ведущий программист на С,41658,Москва,2005
Специалист по телекоммуникационному оборудованию,47353,Москва,2005
Аналитик по информационной безопасности,49861,Москва,2005
"Стажер, Ассистент консультанта (SAP/R3 (FI, FI-AA, CO, MM, HR, ТОРО)",28194,Москва,2005
ИНЖЕНЕР ПО ТЕСТИРОВАНИЮ (ПОЧТОВЫЕ СИСТЕМЫ),27854,Москва,2005
Проджект-менеджер,33298,Москва,2005
Инженер технического сопровождения,22283,Москва,2005
Руководитель направления внешних разработок,69431,Москва,2005
Архитектор / консультант в области построения ИТ-инфраструктур,47091,Москва,2005
Менеджер по продажам электрики,27700,Москва,2005
Руководитель проекта,83102,Москва,2005
Аналитик (OLAP),27700,Москва,2005
Разработчик программного обеспечения,57256,Москва,2005
Менеджер по продажам,41782,Москва,2005
Руководитель проекта (разработка ПО).,84340,Москва,2005
Sales Manager,83246,Москва,2005
Старший разработчик,47930,Москва,2005
Менеджер проектов,56389,Москва,2005
Инженер по технической поддержке IBM AS400,33736,Москва,2005
Тестировщик ПО,28194,Москва,2005
Системный администратор SUN Solaris,41551,Москва,2005
Quality Assurance Engineer,49861,Москва,2005
Консультант,33833,Москва,2005
Программист С/C++,22555,Москва,2005
Инженер по корпоративным решениям Microsoft,36652,Москва,2005
Системного администратора обеспечения информационной безопасности,36211,Москва,2005
Solution Engineer (в крупную западную телекоммуникационную компанию),42170,Москва,2005
Инженер по системам телефонной связи,33240,Москва,2005
Ведущий разработчик ПО (Senior Software Developer),84340,Москва,2005
Менеджер маркетингового обеспечения,34267,Москва,2005
Администратор информационной системы/программист,42834,Москва,2005
Оператор баз данных (Access),19989,Москва,2005
Разработчик баз данных DB2,57113,Санкт-Петербург,2005
Разработчик баз данных DB2,57113,Москва,2005
Interwoven Teamsite Template разработчик,42834,Москва,2005
PHP- программист,42951,Москва,2005
Начальник отдела инженерных систем,57268,Москва,2005
Руководитель проектов/инженера по комплексным системам безопасности,42951,Москва,2005
Руководитель проектов/инженера по презентационным (мультимедиа) системам,42951,Москва,2005
Главный специалист от дела развития первичных сетей,51305,Москва,2005
Пограммист С++,42951,Москва,2005
Java программист (код: JJD-Re),25770,Москва,2005
Специалист АСУ ТП,37123,Москва,2005
Специалист по технической поддержке,28556,Москва,2005
Руководитель группы.,57268,Москва,2005
Программист 1С  в компанию официальный дистрибьютор «AHMAD TEA» в России,57558,Москва,2005
"Сотрудник в отдел продаж, маркетолог",22907,Москва,2005
Специалист отдела продаж,28634,Москва,2005
3D дизайнер,34267,Москва,2005
Системный администратор (код: W-SA),42951,Москва,2005
Системный администратор (код: U-SA),42951,Москва,2005
Специалист по работе с корпоративными клиентами в Московской области,18612,Москва,2005
Старший системный администратор (код: SU-SA),57268,Москва,2005
Бизнес-консультант (код: BC-BO-F),85902,Москва,2005
Менеджер по продажам в Московской области,20043,Москва,2005
Программист VB (код: VBCD-F1),34360,Москва,2005
Java программист (код: JD-Re),37224,Москва,2005
"Программист C++, SQL (код: CSQL-LS)",40087,Москва,2005
"Администратор БД, программист (код: DBA-LS)",40087,Москва,2005
Менеджер по продажам (код: SM),71585,Москва,2005
Старший бизнес-аналитик (SBC- F1),85902,Москва,2005
Тестировщик (QA- Re),20043,Москва,2005
Программист C++ (код: C++ D-F1),34360,Москва,2005
Менеджер по регламентации бизнес-процессов,42951,Москва,2005
Программист Axapta (с обучением),28634,Москва,2005
Разработчик SMS-сервисов,57268,Москва,2005
Дизайнер интерфейсов,42951,Москва,2005
Стажер (дирекция по связям с общественностью),5726,Москва,2005
Методолог по качеству проектной документации,51401,Москва,2005
Программист Oracle,45604,Москва,2005
Менеджер по закупкам IT-оборудования,42951,Москва,2005
"Ассистент, Региональный менеджер",42834,Москва,2005
Менеджер по работе с корпоративными заказчиками,85604,Санкт-Петербург,2005
Асситент Регионального менеджера,42951,Москва,2005
SEO-оптимизатор,28634,Москва,2005
Программист Maconomy,31412,Москва,2005
Технический инженер,28556,Москва,2005
Системный администратор FreeBSD,34267,Москва,2005
Программист C++,34360,Москва,2005
Инженер-тестировщик программного обеспечения,22907,Москва,2005
Старший программист С++,40087,Москва,2005
Руководитель направления продаж,71257,Москва,2005
"Руководитель телекоммуникационного отдела . Код вакансии ""НВ-РС""",48677,Москва,2005
Programmer,45814,Москва,2005
"Программист,координатор проекта",28634,Москва,2005
Программист,42951,Москва,2005
Контент редактор,17180,Москва,2005
Специалист Отдела информационных технологий Управления Автоматизации,28634,Москва,2005
IT Database Administrator (IK-R-DBA),71257,Москва,2005
WEB-программист специалист Отдела информационных технологий Управления Автоматизации,28556,Москва,2005
IT System Administrator (IK-R-SysAdmin),71257,Москва,2005
Аналитик,42951,Москва,2005
Специалист по техническому обслуживанию терминалов,17120,Москва,2005
